method,block,iter,t,gaussians,added,pruned,block_seconds,val_psnr,val_ssim,reward,stop_intent,block_steps,densify_mode,densification_interval,prune_mode,opacity_reset,stop,densify_threshold_mult,prune_opacity_threshold,position_lr_mult,feature_lr_mult,opacity_lr_mult,scaling_lr_mult,rotation_lr_mult
baseline,1,100,1.033,182686,0,0,1.0333,11.184,0.3856,0.4645,continue,100,default,100,opacity_and_size,reset_if_plateau,continue,1.0,0.005,1.0,1.0,1.0,1.0,1.0
baseline,2,200,1.914,182686,0,0,0.8809,11.317,0.3873,0.0389,continue,100,default,100,opacity_and_size,reset_if_plateau,continue,1.0,0.005,1.0,1.0,1.0,1.0,1.0
baseline,3,300,2.753,182686,0,0,0.8387,11.366,0.3891,0.0254,continue,100,default,100,opacity_and_size,reset_if_plateau,continue,1.0,0.005,1.0,1.0,1.0,1.0,1.0
baseline,4,400,3.573,182686,0,0,0.8201,11.37,0.3899,-0.0448,continue,100,default,100,opacity_and_size,reset_if_plateau,continue,1.0,0.005,1.0,1.0,1.0,1.0,1.0
baseline,5,500,4.405,182686,0,0,0.832,11.559,0.3924,0.2204,continue,100,default,100,opacity_and_size,reset_if_plateau,continue,1.0,0.005,1.0,1.0,1.0,1.0,1.0
baseline,6,600,5.277,182711,25,0,0.8724,10.78,0.3738,-1.3511,continue,100,default,100,opacity_and_size,reset_if_plateau,continue,1.0,0.005,1.0,1.0,1.0,1.0,1.0
baseline,7,700,6.047,171867,141,10985,0.7695,12.866,0.4216,1.3912,continue,100,default,100,opacity_and_size,reset_if_plateau,continue,1.0,0.005,1.0,1.0,1.0,1.0,1.0
baseline,8,800,6.852,170213,927,2581,0.8049,13.969,0.4585,1.246,continue,100,default,100,opacity_and_size,reset_if_plateau,continue,1.0,0.005,1.0,1.0,1.0,1.0,1.0
baseline,9,900,7.65,171067,2402,1548,0.7986,14.37,0.4793,1.0074,continue,100,default,100,opacity_and_size,reset_if_plateau,continue,1.0,0.005,1.0,1.0,1.0,1.0,1.0
baseline,10,1000,8.438,173344,3443,1166,0.7879,15.212,0.496,0.1174,continue,100,default,100,opacity_and_size,reset_if_plateau,continue,1.0,0.005,1.0,1.0,1.0,1.0,1.0
baseline,11,1100,9.236,177086,4619,877,0.7975,15.524,0.5132,0.7074,continue,100,default,100,opacity_and_size,reset_if_plateau,continue,1.0,0.005,1.0,1.0,1.0,1.0,1.0
baseline,12,1200,10.07,182875,6528,739,0.8341,15.671,0.5173,-0.272,continue,100,default,100,opacity_and_size,reset_if_plateau,continue,1.0,0.005,1.0,1.0,1.0,1.0,1.0
baseline,13,1300,10.877,167810,695,15760,0.8073,15.541,0.5096,0.3151,continue,100,default,100,opacity_and_size,reset_if_plateau,continue,1.0,0.005,1.0,1.0,1.0,1.0,1.0
baseline,14,1400,11.7,170541,4303,1572,0.8233,15.705,0.5247,-0.4605,continue,100,default,100,opacity_and_size,reset_if_plateau,continue,1.0,0.005,1.0,1.0,1.0,1.0,1.0
baseline,15,1500,12.512,175907,6231,865,0.8115,16.116,0.5266,0.6221,continue,100,default,100,opacity_and_size,reset_if_plateau,continue,1.0,0.005,1.0,1.0,1.0,1.0,1.0
baseline,16,1600,13.31,183541,8158,524,0.7984,16.297,0.5423,-0.0644,continue,100,default,100,opacity_and_size,reset_if_plateau,continue,1.0,0.005,1.0,1.0,1.0,1.0,1.0
baseline,17,1700,14.102,167198,1447,17790,0.7919,15.549,0.5205,-0.8088,continue,100,default,100,opacity_and_size,reset_if_plateau,continue,1.0,0.005,1.0,1.0,1.0,1.0,1.0
baseline,18,1800,14.9,171278,5453,1373,0.7973,16.144,0.5396,0.6695,continue,100,default,100,opacity_and_size,reset_if_plateau,continue,1.0,0.005,1.0,1.0,1.0,1.0,1.0
baseline,19,1900,15.72,178854,8280,704,0.8206,16.501,0.5527,0.126,continue,100,default,100,opacity_and_size,reset_if_plateau,continue,1.0,0.005,1.0,1.0,1.0,1.0,1.0
baseline,20,2000,16.519,187384,9047,517,0.799,16.965,0.5627,0.7529,continue,100,default,100,opacity_and_size,reset_if_plateau,continue,1.0,0.005,1.0,1.0,1.0,1.0,1.0
baseline,21,2100,17.332,196879,9919,424,0.8125,16.913,0.5631,-0.4436,continue,100,default,100,opacity_and_size,reset_if_plateau,continue,1.0,0.005,1.0,1.0,1.0,1.0,1.0
baseline,22,2200,18.176,181816,1928,16991,0.8441,16.519,0.547,-0.4359,continue,100,default,100,opacity_and_size,reset_if_plateau,continue,1.0,0.005,1.0,1.0,1.0,1.0,1.0
baseline,23,2300,19.024,187980,7572,1408,0.8479,17.058,0.5693,0.5581,continue,100,default,100,opacity_and_size,reset_if_plateau,continue,1.0,0.005,1.0,1.0,1.0,1.0,1.0
baseline,24,2400,19.886,197067,9818,731,0.8618,17.117,0.5698,-0.0269,continue,100,default,100,opacity_and_size,reset_if_plateau,continue,1.0,0.005,1.0,1.0,1.0,1.0,1.0
baseline,25,2500,20.743,206783,10242,526,0.8579,17.047,0.577,-0.0824,continue,100,default,100,opacity_and_size,reset_if_plateau,continue,1.0,0.005,1.0,1.0,1.0,1.0,1.0
baseline,26,2600,21.597,186933,1958,21808,0.8538,16.974,0.5645,-0.2746,continue,100,default,100,opacity_and_size,reset_if_plateau,continue,1.0,0.005,1.0,1.0,1.0,1.0,1.0
baseline,27,2700,22.463,193703,8201,1431,0.8659,16.666,0.566,-0.344,continue,100,default,100,opacity_and_size,reset_if_plateau,continue,1.0,0.005,1.0,1.0,1.0,1.0,1.0
baseline,28,2800,23.324,203493,10622,832,0.8605,16.948,0.5747,0.365,continue,100,default,100,opacity_and_size,reset_if_plateau,continue,1.0,0.005,1.0,1.0,1.0,1.0,1.0
baseline,29,2900,24.183,214864,11911,540,0.8596,17.36,0.5849,0.3548,continue,100,default,100,opacity_and_size,reset_if_plateau,continue,1.0,0.005,1.0,1.0,1.0,1.0,1.0
baseline,30,3000,25.047,225384,10936,416,0.864,17.491,0.5915,0.0162,continue,100,default,100,opacity_and_size,reset_if_plateau,continue,1.0,0.005,1.0,1.0,1.0,1.0,1.0
baseline,31,3100,25.913,230305,12727,7806,0.866,14.798,0.5593,-1.6838,continue,100,default,100,opacity_and_size,reset_if_plateau,continue,1.0,0.005,1.0,1.0,1.0,1.0,1.0
baseline,32,3200,26.742,243227,13521,599,0.8283,17.044,0.5879,1.334,continue,100,default,100,opacity_and_size,reset_if_plateau,continue,1.0,0.005,1.0,1.0,1.0,1.0,1.0
baseline,33,3300,27.589,256089,13334,472,0.8475,16.854,0.5887,-0.2437,continue,100,default,100,opacity_and_size,reset_if_plateau,continue,1.0,0.005,1.0,1.0,1.0,1.0,1.0
baseline,34,3400,28.444,269131,13450,408,0.855,17.008,0.5919,-0.0445,continue,100,default,100,opacity_and_size,reset_if_plateau,continue,1.0,0.005,1.0,1.0,1.0,1.0,1.0
baseline,35,3500,29.303,283009,14253,375,0.8588,17.111,0.5995,0.2163,continue,100,default,100,opacity_and_size,reset_if_plateau,continue,1.0,0.005,1.0,1.0,1.0,1.0,1.0
baseline,36,3600,30.17,296696,14032,345,0.8669,17.103,0.5998,-0.3124,continue,100,default,100,opacity_and_size,reset_if_plateau,continue,1.0,0.005,1.0,1.0,1.0,1.0,1.0
baseline,37,3700,31.05,310039,13677,334,0.8805,17.228,0.6056,0.0287,continue,100,default,100,opacity_and_size,reset_if_plateau,continue,1.0,0.005,1.0,1.0,1.0,1.0,1.0
baseline,38,3800,31.957,324567,14888,360,0.9065,17.144,0.6032,-0.2153,continue,100,default,100,opacity_and_size,reset_if_plateau,continue,1.0,0.005,1.0,1.0,1.0,1.0,1.0
baseline,39,3900,32.855,340082,15844,329,0.8987,17.325,0.6089,0.1142,continue,100,default,100,opacity_and_size,reset_if_plateau,continue,1.0,0.005,1.0,1.0,1.0,1.0,1.0
baseline,40,4000,33.77,353453,13731,360,0.915,17.383,0.6119,-0.0888,continue,100,default,100,opacity_and_size,reset_if_plateau,continue,1.0,0.005,1.0,1.0,1.0,1.0,1.0
baseline,41,4100,34.653,367810,14673,316,0.8826,17.236,0.6075,-0.1239,continue,100,default,100,opacity_and_size,reset_if_plateau,continue,1.0,0.005,1.0,1.0,1.0,1.0,1.0
baseline,42,4200,35.549,383328,15872,354,0.8955,17.51,0.6162,0.0442,continue,100,default,100,opacity_and_size,reset_if_plateau,continue,1.0,0.005,1.0,1.0,1.0,1.0,1.0
baseline,43,4300,36.458,397174,14162,316,0.9091,17.567,0.6257,0.2309,continue,100,default,100,opacity_and_size,reset_if_plateau,continue,1.0,0.005,1.0,1.0,1.0,1.0,1.0
baseline,44,4400,37.374,410598,13785,361,0.9166,17.608,0.6258,-0.176,continue,100,default,100,opacity_and_size,reset_if_plateau,continue,1.0,0.005,1.0,1.0,1.0,1.0,1.0
baseline,45,4500,38.288,426059,15848,387,0.9135,17.701,0.629,-0.0259,continue,100,default,100,opacity_and_size,reset_if_plateau,continue,1.0,0.005,1.0,1.0,1.0,1.0,1.0
baseline,46,4600,39.211,439965,14308,402,0.9228,17.802,0.6323,0.0378,continue,100,default,100,opacity_and_size,reset_if_plateau,continue,1.0,0.005,1.0,1.0,1.0,1.0,1.0
baseline,47,4700,40.155,453207,13661,419,0.9443,17.905,0.6356,0.0227,continue,100,default,100,opacity_and_size,reset_if_plateau,continue,1.0,0.005,1.0,1.0,1.0,1.0,1.0
baseline,48,4800,41.103,469174,16402,435,0.9482,17.875,0.6378,-0.0979,continue,100,default,100,opacity_and_size,reset_if_plateau,continue,1.0,0.005,1.0,1.0,1.0,1.0,1.0
baseline,49,4900,42.102,482725,14008,457,0.9987,17.844,0.6407,-0.1098,continue,100,default,100,opacity_and_size,reset_if_plateau,continue,1.0,0.005,1.0,1.0,1.0,1.0,1.0
baseline,50,5000,43.106,495856,13518,387,1.0043,18.042,0.6461,0.1116,continue,100,default,100,opacity_and_size,reset_if_plateau,continue,1.0,0.005,1.0,1.0,1.0,1.0,1.0
baseline,51,5100,44.078,510844,15423,435,0.9722,18.042,0.6512,-0.1058,continue,100,default,100,opacity_and_size,reset_if_plateau,continue,1.0,0.005,1.0,1.0,1.0,1.0,1.0
baseline,52,5200,45.059,523699,13315,460,0.9806,18.1,0.6473,-0.0653,continue,100,default,100,opacity_and_size,reset_if_plateau,continue,1.0,0.005,1.0,1.0,1.0,1.0,1.0
baseline,53,5300,46.026,538680,15508,527,0.9674,18.085,0.6481,0.0764,continue,100,default,100,opacity_and_size,reset_if_plateau,continue,1.0,0.005,1.0,1.0,1.0,1.0,1.0
baseline,54,5400,47.024,551042,12807,445,0.9982,18.062,0.6503,-0.1251,continue,100,default,100,opacity_and_size,reset_if_plateau,continue,1.0,0.005,1.0,1.0,1.0,1.0,1.0
baseline,55,5500,48.055,564089,13574,527,1.0309,18.024,0.6497,-0.1088,continue,100,default,100,opacity_and_size,reset_if_plateau,continue,1.0,0.005,1.0,1.0,1.0,1.0,1.0
baseline,56,5600,49.064,578032,14454,511,1.009,18.162,0.6545,-0.016,continue,100,default,100,opacity_and_size,reset_if_plateau,continue,1.0,0.005,1.0,1.0,1.0,1.0,1.0
baseline,57,5700,50.096,591175,13601,458,1.0314,18.206,0.6583,0.0375,continue,100,default,100,opacity_and_size,reset_if_plateau,continue,1.0,0.005,1.0,1.0,1.0,1.0,1.0
baseline,58,5800,51.148,606075,15507,607,1.0519,17.848,0.6559,-0.2957,continue,100,default,100,opacity_and_size,reset_if_plateau,continue,1.0,0.005,1.0,1.0,1.0,1.0,1.0
baseline,59,5900,52.223,618853,13296,518,1.0749,18.174,0.6607,0.1886,continue,100,default,100,opacity_and_size,reset_if_plateau,continue,1.0,0.005,1.0,1.0,1.0,1.0,1.0
baseline,60,6000,53.279,632483,14152,522,1.0562,18.226,0.6607,-0.178,continue,100,default,100,opacity_and_size,reset_if_plateau,continue,1.0,0.005,1.0,1.0,1.0,1.0,1.0
baseline,61,6100,54.334,645381,13453,555,1.0548,18.376,0.6685,0.0972,continue,100,default,100,opacity_and_size,reset_if_plateau,continue,1.0,0.005,1.0,1.0,1.0,1.0,1.0
baseline,62,6200,55.404,658380,13588,589,1.0709,18.409,0.6702,-0.0571,continue,100,default,100,opacity_and_size,reset_if_plateau,continue,1.0,0.005,1.0,1.0,1.0,1.0,1.0
baseline,63,6300,56.485,674416,16670,634,1.0808,18.279,0.6728,-0.1015,continue,100,default,100,opacity_and_size,reset_if_plateau,continue,1.0,0.005,1.0,1.0,1.0,1.0,1.0
baseline,64,6400,57.552,687267,13448,597,1.0664,18.37,0.6723,0.0083,continue,100,default,100,opacity_and_size,reset_if_plateau,continue,1.0,0.005,1.0,1.0,1.0,1.0,1.0
baseline,65,6500,58.624,699861,13189,595,1.0722,18.43,0.6719,-0.1031,continue,100,default,100,opacity_and_size,reset_if_plateau,continue,1.0,0.005,1.0,1.0,1.0,1.0,1.0
baseline,66,6600,59.716,712535,13281,607,1.0924,18.437,0.6778,-0.0059,continue,100,default,100,opacity_and_size,reset_if_plateau,continue,1.0,0.005,1.0,1.0,1.0,1.0,1.0
baseline,67,6700,60.822,724889,13020,666,1.1053,18.283,0.6723,-0.0387,continue,100,default,100,opacity_and_size,reset_if_plateau,continue,1.0,0.005,1.0,1.0,1.0,1.0,1.0
baseline,68,6800,61.944,737757,13657,789,1.1225,18.415,0.6743,-0.1874,continue,100,default,100,opacity_and_size,reset_if_plateau,continue,1.0,0.005,1.0,1.0,1.0,1.0,1.0
baseline,69,6900,63.088,750712,13634,679,1.1441,18.588,0.6863,0.1077,continue,100,default,100,opacity_and_size,reset_if_plateau,continue,1.0,0.005,1.0,1.0,1.0,1.0,1.0
baseline,70,7000,64.237,763127,13107,692,1.1489,18.621,0.6828,-0.0596,continue,100,default,100,opacity_and_size,reset_if_plateau,continue,1.0,0.005,1.0,1.0,1.0,1.0,1.0
baseline,71,7100,65.357,775240,12839,726,1.1203,18.668,0.6839,-0.1135,continue,100,default,100,opacity_and_size,reset_if_plateau,continue,1.0,0.005,1.0,1.0,1.0,1.0,1.0
baseline,72,7200,66.512,787027,12476,689,1.1544,18.757,0.6918,-0.0483,continue,100,default,100,opacity_and_size,reset_if_plateau,continue,1.0,0.005,1.0,1.0,1.0,1.0,1.0
baseline,73,7300,67.655,798700,12418,745,1.1435,18.576,0.6867,-0.131,continue,100,default,100,opacity_and_size,reset_if_plateau,continue,1.0,0.005,1.0,1.0,1.0,1.0,1.0
baseline,74,7400,68.828,810073,12069,696,1.1728,18.671,0.6915,0.0207,continue,100,default,100,opacity_and_size,reset_if_plateau,continue,1.0,0.005,1.0,1.0,1.0,1.0,1.0
baseline,75,7500,69.974,824704,15352,721,1.1461,18.672,0.6908,-0.1307,continue,100,default,100,opacity_and_size,reset_if_plateau,continue,1.0,0.005,1.0,1.0,1.0,1.0,1.0
baseline,76,7600,71.171,836741,12780,743,1.1964,18.615,0.6894,-0.0566,continue,100,default,100,opacity_and_size,reset_if_plateau,continue,1.0,0.005,1.0,1.0,1.0,1.0,1.0
baseline,77,7700,72.393,849060,13027,708,1.2221,18.821,0.6944,-0.0268,continue,100,default,100,opacity_and_size,reset_if_plateau,continue,1.0,0.005,1.0,1.0,1.0,1.0,1.0
baseline,78,7800,73.589,862043,13821,838,1.1962,18.793,0.6935,-0.1493,continue,100,default,100,opacity_and_size,reset_if_plateau,continue,1.0,0.005,1.0,1.0,1.0,1.0,1.0
baseline,79,7900,74.779,874164,12856,735,1.1902,18.727,0.6976,-0.026,continue,100,default,100,opacity_and_size,reset_if_plateau,continue,1.0,0.005,1.0,1.0,1.0,1.0,1.0
baseline,80,8000,76.011,885265,11963,862,1.2322,18.76,0.6984,-0.0258,continue,100,default,100,opacity_and_size,reset_if_plateau,continue,1.0,0.005,1.0,1.0,1.0,1.0,1.0
baseline,81,8100,77.197,897155,12811,921,1.1856,18.717,0.6968,-0.1296,continue,100,default,100,opacity_and_size,reset_if_plateau,continue,1.0,0.005,1.0,1.0,1.0,1.0,1.0
baseline,82,8200,78.428,908461,12094,788,1.2315,18.72,0.699,-0.0234,continue,100,default,100,opacity_and_size,reset_if_plateau,continue,1.0,0.005,1.0,1.0,1.0,1.0,1.0
baseline,83,8300,79.63,919747,12151,865,1.202,18.842,0.703,-0.0439,continue,100,default,100,opacity_and_size,reset_if_plateau,continue,1.0,0.005,1.0,1.0,1.0,1.0,1.0
baseline,84,8400,80.863,930330,11373,790,1.233,18.952,0.7051,-0.0223,continue,100,default,100,opacity_and_size,reset_if_plateau,continue,1.0,0.005,1.0,1.0,1.0,1.0,1.0
baseline,85,8500,82.087,941552,12111,889,1.2239,18.826,0.6996,-0.1045,continue,100,default,100,opacity_and_size,reset_if_plateau,continue,1.0,0.005,1.0,1.0,1.0,1.0,1.0
baseline,86,8600,83.332,951861,11115,806,1.2448,18.941,0.7027,-0.043,continue,100,default,100,opacity_and_size,reset_if_plateau,continue,1.0,0.005,1.0,1.0,1.0,1.0,1.0
baseline,87,8700,84.574,964562,13557,856,1.2417,19.065,0.7098,-0.0234,continue,100,default,100,opacity_and_size,reset_if_plateau,continue,1.0,0.005,1.0,1.0,1.0,1.0,1.0
baseline,88,8800,85.85,975844,12136,854,1.2761,18.938,0.7083,-0.1494,continue,100,default,100,opacity_and_size,reset_if_plateau,continue,1.0,0.005,1.0,1.0,1.0,1.0,1.0
baseline,89,8900,87.12,986257,11347,934,1.2696,18.892,0.7102,-0.0672,continue,100,default,100,opacity_and_size,reset_if_plateau,continue,1.0,0.005,1.0,1.0,1.0,1.0,1.0
baseline,90,9000,88.359,996387,10983,853,1.2392,18.938,0.7112,-0.0532,continue,100,default,100,opacity_and_size,reset_if_plateau,continue,1.0,0.005,1.0,1.0,1.0,1.0,1.0
baseline,91,9100,89.646,1006953,11571,1005,1.2871,18.931,0.7088,-0.0988,continue,100,default,100,opacity_and_size,reset_if_plateau,continue,1.0,0.005,1.0,1.0,1.0,1.0,1.0
baseline,92,9200,90.941,1016902,10742,793,1.2948,19.0,0.7142,-0.0375,continue,100,default,100,opacity_and_size,reset_if_plateau,continue,1.0,0.005,1.0,1.0,1.0,1.0,1.0
baseline,93,9300,92.211,1028230,12228,900,1.2699,19.047,0.7141,-0.0534,continue,100,default,100,opacity_and_size,reset_if_plateau,continue,1.0,0.005,1.0,1.0,1.0,1.0,1.0
baseline,94,9400,93.503,1038251,10938,917,1.2926,19.018,0.7114,-0.1002,continue,100,default,100,opacity_and_size,reset_if_plateau,continue,1.0,0.005,1.0,1.0,1.0,1.0,1.0
baseline,95,9500,94.804,1047959,10662,954,1.3009,19.042,0.7127,-0.0258,continue,100,default,100,opacity_and_size,reset_if_plateau,continue,1.0,0.005,1.0,1.0,1.0,1.0,1.0
baseline,96,9600,96.132,1060294,13320,985,1.3274,19.021,0.7126,-0.1059,continue,100,default,100,opacity_and_size,reset_if_plateau,continue,1.0,0.005,1.0,1.0,1.0,1.0,1.0
baseline,97,9700,97.444,1070867,11449,876,1.3128,18.984,0.7161,-0.0621,continue,100,default,100,opacity_and_size,reset_if_plateau,continue,1.0,0.005,1.0,1.0,1.0,1.0,1.0
baseline,98,9800,98.765,1079928,9971,910,1.3206,19.094,0.7189,-0.0393,continue,100,default,100,opacity_and_size,reset_if_plateau,continue,1.0,0.005,1.0,1.0,1.0,1.0,1.0
baseline,99,9900,100.06,1089357,10352,923,1.2953,19.071,0.7139,-0.1358,continue,100,default,100,opacity_and_size,reset_if_plateau,continue,1.0,0.005,1.0,1.0,1.0,1.0,1.0
baseline,100,10000,101.428,1099729,11315,943,1.368,19.162,0.7216,-0.04,continue,100,default,100,opacity_and_size,reset_if_plateau,continue,1.0,0.005,1.0,1.0,1.0,1.0,1.0
baseline,101,10100,102.772,1110055,11323,997,1.3433,18.992,0.7207,-0.0959,continue,100,default,100,opacity_and_size,reset_if_plateau,continue,1.0,0.005,1.0,1.0,1.0,1.0,1.0
baseline,102,10200,104.092,1119587,10448,916,1.3201,19.148,0.7205,-0.0578,continue,100,default,100,opacity_and_size,reset_if_plateau,continue,1.0,0.005,1.0,1.0,1.0,1.0,1.0
baseline,103,10300,105.471,1128543,9929,973,1.3793,19.246,0.7243,-0.0317,continue,100,default,100,opacity_and_size,reset_if_plateau,continue,1.0,0.005,1.0,1.0,1.0,1.0,1.0
baseline,104,10400,106.82,1137805,10244,982,1.3491,19.267,0.726,-0.1126,continue,100,default,100,opacity_and_size,reset_if_plateau,continue,1.0,0.005,1.0,1.0,1.0,1.0,1.0
baseline,105,10500,108.215,1144444,7622,983,1.3947,19.331,0.7271,-0.028,continue,100,default,100,opacity_and_size,reset_if_plateau,continue,1.0,0.005,1.0,1.0,1.0,1.0,1.0
baseline,106,10600,109.558,1154368,10909,985,1.3435,19.186,0.7256,-0.1389,continue,100,default,100,opacity_and_size,reset_if_plateau,continue,1.0,0.005,1.0,1.0,1.0,1.0,1.0
baseline,107,10700,110.985,1163131,9738,975,1.4262,19.243,0.7297,-0.0701,continue,100,default,100,opacity_and_size,reset_if_plateau,continue,1.0,0.005,1.0,1.0,1.0,1.0,1.0
baseline,108,10800,112.414,1173263,11153,1021,1.4293,19.127,0.726,-0.0657,continue,100,default,100,opacity_and_size,reset_if_plateau,continue,1.0,0.005,1.0,1.0,1.0,1.0,1.0
baseline,109,10900,113.821,1182354,10085,994,1.4068,18.929,0.7267,-0.1494,continue,100,default,100,opacity_and_size,reset_if_plateau,continue,1.0,0.005,1.0,1.0,1.0,1.0,1.0
baseline,110,11000,115.254,1190286,8890,958,1.4329,19.287,0.7315,-0.0472,continue,100,default,100,opacity_and_size,reset_if_plateau,continue,1.0,0.005,1.0,1.0,1.0,1.0,1.0
baseline,111,11100,116.701,1197765,8582,1103,1.4475,19.113,0.7272,-0.1187,continue,100,default,100,opacity_and_size,reset_if_plateau,continue,1.0,0.005,1.0,1.0,1.0,1.0,1.0
baseline,112,11200,118.081,1207543,10727,949,1.3799,19.191,0.7309,-0.0665,continue,100,default,100,opacity_and_size,reset_if_plateau,continue,1.0,0.005,1.0,1.0,1.0,1.0,1.0
baseline,113,11300,119.484,1214823,8262,982,1.403,19.137,0.7286,-0.0566,continue,100,default,100,opacity_and_size,reset_if_plateau,continue,1.0,0.005,1.0,1.0,1.0,1.0,1.0
baseline,114,11400,120.896,1222654,8792,961,1.4122,19.366,0.734,-0.0605,continue,100,default,100,opacity_and_size,reset_if_plateau,continue,1.0,0.005,1.0,1.0,1.0,1.0,1.0
baseline,115,11500,122.314,1229922,8285,1017,1.4177,19.243,0.7294,-0.1047,continue,100,default,100,opacity_and_size,reset_if_plateau,continue,1.0,0.005,1.0,1.0,1.0,1.0,1.0
baseline,116,11600,123.753,1238077,9136,981,1.4396,19.335,0.7321,-0.0552,continue,100,default,100,opacity_and_size,reset_if_plateau,continue,1.0,0.005,1.0,1.0,1.0,1.0,1.0
baseline,117,11700,125.202,1244148,6987,916,1.4481,19.367,0.7339,-0.0896,continue,100,default,100,opacity_and_size,reset_if_plateau,continue,1.0,0.005,1.0,1.0,1.0,1.0,1.0
baseline,118,11800,126.615,1252080,8980,1048,1.4138,19.316,0.7306,-0.0579,continue,100,default,100,opacity_and_size,reset_if_plateau,continue,1.0,0.005,1.0,1.0,1.0,1.0,1.0
baseline,119,11900,128.063,1259004,7904,980,1.4476,19.414,0.737,-0.0694,continue,100,default,100,opacity_and_size,reset_if_plateau,continue,1.0,0.005,1.0,1.0,1.0,1.0,1.0
baseline,120,12000,129.521,1265385,7328,947,1.4584,19.253,0.7344,-0.1308,continue,100,default,100,opacity_and_size,reset_if_plateau,continue,1.0,0.005,1.0,1.0,1.0,1.0,1.0
baseline,121,12100,130.991,1273027,8743,1101,1.4703,19.224,0.7358,-0.0756,continue,100,default,100,opacity_and_size,reset_if_plateau,continue,1.0,0.005,1.0,1.0,1.0,1.0,1.0
baseline,122,12200,132.429,1280242,8245,1030,1.4375,19.344,0.7376,-0.0622,continue,100,default,100,opacity_and_size,reset_if_plateau,continue,1.0,0.005,1.0,1.0,1.0,1.0,1.0
baseline,123,12300,133.907,1286551,7270,961,1.4781,19.396,0.7382,-0.0636,continue,100,default,100,opacity_and_size,reset_if_plateau,continue,1.0,0.005,1.0,1.0,1.0,1.0,1.0
baseline,124,12400,135.397,1292544,6943,950,1.49,19.498,0.742,-0.0638,continue,100,default,100,opacity_and_size,reset_if_plateau,continue,1.0,0.005,1.0,1.0,1.0,1.0,1.0
baseline,125,12500,136.846,1299090,7521,975,1.4491,19.274,0.7398,-0.1435,continue,100,default,100,opacity_and_size,reset_if_plateau,continue,1.0,0.005,1.0,1.0,1.0,1.0,1.0
baseline,126,12600,138.297,1306333,8317,1074,1.4508,19.411,0.7411,-0.0566,continue,100,default,100,opacity_and_size,reset_if_plateau,continue,1.0,0.005,1.0,1.0,1.0,1.0,1.0
baseline,127,12700,139.78,1311979,6611,965,1.4825,19.443,0.7422,-0.0714,continue,100,default,100,opacity_and_size,reset_if_plateau,continue,1.0,0.005,1.0,1.0,1.0,1.0,1.0
baseline,128,12800,141.251,1317664,6585,900,1.4714,19.598,0.7468,-0.0719,continue,100,default,100,opacity_and_size,reset_if_plateau,continue,1.0,0.005,1.0,1.0,1.0,1.0,1.0
baseline,129,12900,142.696,1323529,6858,993,1.445,19.538,0.7444,-0.069,continue,100,default,100,opacity_and_size,reset_if_plateau,continue,1.0,0.005,1.0,1.0,1.0,1.0,1.0
baseline,130,13000,144.216,1331074,8496,951,1.5205,19.579,0.743,-0.0758,continue,100,default,100,opacity_and_size,reset_if_plateau,continue,1.0,0.005,1.0,1.0,1.0,1.0,1.0
baseline,131,13100,145.764,1335843,5702,933,1.5478,19.559,0.748,-0.0774,continue,100,default,100,opacity_and_size,reset_if_plateau,continue,1.0,0.005,1.0,1.0,1.0,1.0,1.0
baseline,132,13200,147.3,1343263,8336,916,1.5358,19.339,0.7428,-0.1375,continue,100,default,100,opacity_and_size,reset_if_plateau,continue,1.0,0.005,1.0,1.0,1.0,1.0,1.0
baseline,133,13300,148.816,1350007,7725,981,1.5163,19.469,0.7431,-0.0694,continue,100,default,100,opacity_and_size,reset_if_plateau,continue,1.0,0.005,1.0,1.0,1.0,1.0,1.0
baseline,134,13400,150.299,1354198,5148,957,1.4828,19.512,0.7449,-0.0815,continue,100,default,100,opacity_and_size,reset_if_plateau,continue,1.0,0.005,1.0,1.0,1.0,1.0,1.0
baseline,135,13500,151.846,1359773,6540,965,1.547,19.365,0.7431,-0.1173,continue,100,default,100,opacity_and_size,reset_if_plateau,continue,1.0,0.005,1.0,1.0,1.0,1.0,1.0
baseline,136,13600,153.38,1365440,6529,862,1.5341,19.374,0.7438,-0.0684,continue,100,default,100,opacity_and_size,reset_if_plateau,continue,1.0,0.005,1.0,1.0,1.0,1.0,1.0
baseline,137,13700,154.98,1370300,5853,993,1.5993,19.47,0.7439,-0.0797,continue,100,default,100,opacity_and_size,reset_if_plateau,continue,1.0,0.005,1.0,1.0,1.0,1.0,1.0
baseline,138,13800,156.517,1375823,6445,922,1.5377,19.381,0.7486,-0.0749,continue,100,default,100,opacity_and_size,reset_if_plateau,continue,1.0,0.005,1.0,1.0,1.0,1.0,1.0
baseline,139,13900,158.063,1380983,6122,962,1.5457,19.483,0.7464,-0.0753,continue,100,default,100,opacity_and_size,reset_if_plateau,continue,1.0,0.005,1.0,1.0,1.0,1.0,1.0
baseline,140,14000,159.581,1387792,7685,876,1.5185,19.524,0.7485,-0.0737,continue,100,default,100,opacity_and_size,reset_if_plateau,continue,1.0,0.005,1.0,1.0,1.0,1.0,1.0
baseline,141,14100,161.136,1392876,5947,863,1.555,19.802,0.7522,-0.07,continue,100,default,100,opacity_and_size,reset_if_plateau,continue,1.0,0.005,1.0,1.0,1.0,1.0,1.0
baseline,142,14200,162.737,1398432,6505,949,1.6008,19.633,0.7519,-0.0745,continue,100,default,100,opacity_and_size,reset_if_plateau,continue,1.0,0.005,1.0,1.0,1.0,1.0,1.0
baseline,143,14300,164.261,1405189,7611,854,1.5242,19.382,0.7454,-0.1879,continue,100,default,100,opacity_and_size,reset_if_plateau,continue,1.0,0.005,1.0,1.0,1.0,1.0,1.0
baseline,144,14400,165.829,1410516,6225,898,1.5673,19.393,0.7452,-0.0719,continue,100,default,100,opacity_and_size,reset_if_plateau,continue,1.0,0.005,1.0,1.0,1.0,1.0,1.0
baseline,145,14500,167.34,1415557,5955,914,1.5113,19.609,0.754,-0.0662,continue,100,default,100,opacity_and_size,reset_if_plateau,continue,1.0,0.005,1.0,1.0,1.0,1.0,1.0
baseline,146,14600,168.928,1420143,5464,878,1.5882,19.534,0.7517,-0.1089,continue,100,default,100,opacity_and_size,reset_if_plateau,continue,1.0,0.005,1.0,1.0,1.0,1.0,1.0
baseline,147,14700,170.444,1424234,4966,875,1.5159,19.499,0.7503,-0.075,continue,100,default,100,opacity_and_size,reset_if_plateau,continue,1.0,0.005,1.0,1.0,1.0,1.0,1.0
baseline,148,14800,172.059,1428622,5230,842,1.6151,19.559,0.7521,-0.1011,continue,100,default,100,opacity_and_size,reset_if_plateau,continue,1.0,0.005,1.0,1.0,1.0,1.0,1.0
baseline,149,14900,173.676,1434497,6946,1071,1.6165,19.466,0.7485,-0.0805,continue,100,default,100,opacity_and_size,reset_if_plateau,continue,1.0,0.005,1.0,1.0,1.0,1.0,1.0
baseline,150,15000,175.242,1434497,0,0,1.5659,19.737,0.7571,-0.0676,continue,100,default,100,opacity_and_size,reset_if_plateau,continue,1.0,0.005,1.0,1.0,1.0,1.0,1.0
baseline,151,15100,176.659,1434497,0,0,1.4169,19.705,0.7547,-0.0815,continue,100,default,100,opacity_and_size,reset_if_plateau,continue,1.0,0.005,1.0,1.0,1.0,1.0,1.0
baseline,152,15200,178.113,1434497,0,0,1.4547,19.719,0.7565,-0.072,continue,100,default,100,opacity_and_size,reset_if_plateau,continue,1.0,0.005,1.0,1.0,1.0,1.0,1.0
baseline,153,15300,179.567,1434497,0,0,1.4535,19.704,0.7566,-0.0916,continue,100,default,100,opacity_and_size,reset_if_plateau,continue,1.0,0.005,1.0,1.0,1.0,1.0,1.0
baseline,154,15400,181.018,1434497,0,0,1.4513,19.767,0.7585,-0.0692,continue,100,default,100,opacity_and_size,reset_if_plateau,continue,1.0,0.005,1.0,1.0,1.0,1.0,1.0
baseline,155,15500,182.475,1434497,0,0,1.4569,19.657,0.7562,-0.1094,continue,100,default,100,opacity_and_size,reset_if_plateau,continue,1.0,0.005,1.0,1.0,1.0,1.0,1.0
baseline,156,15600,183.926,1434497,0,0,1.4507,19.788,0.7583,-0.0699,continue,100,default,100,opacity_and_size,reset_if_plateau,continue,1.0,0.005,1.0,1.0,1.0,1.0,1.0
baseline,157,15700,185.389,1434497,0,0,1.463,19.893,0.7587,-0.068,continue,100,default,100,opacity_and_size,reset_if_plateau,continue,1.0,0.005,1.0,1.0,1.0,1.0,1.0
baseline,158,15800,186.814,1434497,0,0,1.4256,19.754,0.7599,-0.0845,continue,100,default,100,opacity_and_size,reset_if_plateau,continue,1.0,0.005,1.0,1.0,1.0,1.0,1.0
baseline,159,15900,188.261,1434497,0,0,1.4472,19.78,0.7578,-0.0957,continue,100,default,100,opacity_and_size,reset_if_plateau,continue,1.0,0.005,1.0,1.0,1.0,1.0,1.0
baseline,160,16000,189.703,1434497,0,0,1.4415,19.835,0.7591,-0.0663,continue,100,default,100,opacity_and_size,reset_if_plateau,continue,1.0,0.005,1.0,1.0,1.0,1.0,1.0
baseline,161,16100,191.142,1434497,0,0,1.4388,19.868,0.7596,-0.1088,continue,100,default,100,opacity_and_size,reset_if_plateau,continue,1.0,0.005,1.0,1.0,1.0,1.0,1.0
baseline,162,16200,192.584,1434497,0,0,1.4423,19.952,0.7602,-0.0654,continue,100,default,100,opacity_and_size,reset_if_plateau,continue,1.0,0.005,1.0,1.0,1.0,1.0,1.0
baseline,163,16300,194.024,1434497,0,0,1.4396,19.914,0.7623,-0.0775,continue,100,default,100,opacity_and_size,reset_if_plateau,continue,1.0,0.005,1.0,1.0,1.0,1.0,1.0
baseline,164,16400,195.452,1434497,0,0,1.4288,19.981,0.7643,-0.0713,continue,100,default,100,opacity_and_size,reset_if_plateau,continue,1.0,0.005,1.0,1.0,1.0,1.0,1.0
baseline,165,16500,196.89,1434497,0,0,1.4374,19.806,0.7598,-0.1069,continue,100,default,100,opacity_and_size,reset_if_plateau,continue,1.0,0.005,1.0,1.0,1.0,1.0,1.0
baseline,166,16600,198.31,1434497,0,0,1.4199,19.868,0.7621,-0.0701,continue,100,default,100,opacity_and_size,reset_if_plateau,continue,1.0,0.005,1.0,1.0,1.0,1.0,1.0
baseline,167,16700,199.73,1434497,0,0,1.4205,19.881,0.763,-0.0703,continue,100,default,100,opacity_and_size,reset_if_plateau,continue,1.0,0.005,1.0,1.0,1.0,1.0,1.0
baseline,168,16800,201.196,1434497,0,0,1.4658,19.982,0.7641,-0.0701,continue,100,default,100,opacity_and_size,reset_if_plateau,continue,1.0,0.005,1.0,1.0,1.0,1.0,1.0
baseline,169,16900,202.646,1434497,0,0,1.4503,19.751,0.7606,-0.122,continue,100,default,100,opacity_and_size,reset_if_plateau,continue,1.0,0.005,1.0,1.0,1.0,1.0,1.0
baseline,170,17000,204.075,1434497,0,0,1.4285,20.007,0.7663,-0.0663,continue,100,default,100,opacity_and_size,reset_if_plateau,continue,1.0,0.005,1.0,1.0,1.0,1.0,1.0
baseline,171,17100,205.53,1434497,0,0,1.4551,19.979,0.7617,-0.0876,continue,100,default,100,opacity_and_size,reset_if_plateau,continue,1.0,0.005,1.0,1.0,1.0,1.0,1.0
baseline,172,17200,206.963,1434497,0,0,1.4328,19.807,0.7606,-0.1258,continue,100,default,100,opacity_and_size,reset_if_plateau,continue,1.0,0.005,1.0,1.0,1.0,1.0,1.0
baseline,173,17300,208.415,1434497,0,0,1.4522,19.665,0.7629,-0.089,continue,100,default,100,opacity_and_size,reset_if_plateau,continue,1.0,0.005,1.0,1.0,1.0,1.0,1.0
baseline,174,17400,209.827,1434497,0,0,1.4124,19.841,0.7641,-0.0672,continue,100,default,100,opacity_and_size,reset_if_plateau,continue,1.0,0.005,1.0,1.0,1.0,1.0,1.0
baseline,175,17500,211.284,1434497,0,0,1.4569,20.02,0.7646,-0.0703,continue,100,default,100,opacity_and_size,reset_if_plateau,continue,1.0,0.005,1.0,1.0,1.0,1.0,1.0
baseline,176,17600,212.731,1434497,0,0,1.4464,20.09,0.7649,-0.0723,continue,100,default,100,opacity_and_size,reset_if_plateau,continue,1.0,0.005,1.0,1.0,1.0,1.0,1.0
baseline,177,17700,214.137,1434497,0,0,1.4069,19.889,0.7656,-0.0893,continue,100,default,100,opacity_and_size,reset_if_plateau,continue,1.0,0.005,1.0,1.0,1.0,1.0,1.0
baseline,178,17800,215.565,1434497,0,0,1.4276,19.949,0.767,-0.0691,continue,100,default,100,opacity_and_size,reset_if_plateau,continue,1.0,0.005,1.0,1.0,1.0,1.0,1.0
baseline,179,17900,217.027,1434497,0,0,1.4621,19.795,0.7649,-0.1279,continue,100,default,100,opacity_and_size,reset_if_plateau,continue,1.0,0.005,1.0,1.0,1.0,1.0,1.0
baseline,180,18000,218.443,1434497,0,0,1.4158,19.894,0.7638,-0.0688,continue,100,default,100,opacity_and_size,reset_if_plateau,continue,1.0,0.005,1.0,1.0,1.0,1.0,1.0
baseline,181,18100,219.86,1434497,0,0,1.4166,20.101,0.7682,-0.0696,continue,100,default,100,opacity_and_size,reset_if_plateau,continue,1.0,0.005,1.0,1.0,1.0,1.0,1.0
baseline,182,18200,221.301,1434497,0,0,1.441,20.115,0.7677,-0.0714,continue,100,default,100,opacity_and_size,reset_if_plateau,continue,1.0,0.005,1.0,1.0,1.0,1.0,1.0
baseline,183,18300,222.759,1434497,0,0,1.459,19.997,0.7665,-0.0899,continue,100,default,100,opacity_and_size,reset_if_plateau,continue,1.0,0.005,1.0,1.0,1.0,1.0,1.0
baseline,184,18400,224.194,1434497,0,0,1.4343,20.219,0.7701,-0.0694,continue,100,default,100,opacity_and_size,reset_if_plateau,continue,1.0,0.005,1.0,1.0,1.0,1.0,1.0
baseline,185,18500,225.601,1434497,0,0,1.4071,20.059,0.7673,-0.1008,continue,100,default,100,opacity_and_size,reset_if_plateau,continue,1.0,0.005,1.0,1.0,1.0,1.0,1.0
baseline,186,18600,227.05,1434497,0,0,1.4494,20.018,0.7663,-0.0746,continue,100,default,100,opacity_and_size,reset_if_plateau,continue,1.0,0.005,1.0,1.0,1.0,1.0,1.0
baseline,187,18700,228.485,1434497,0,0,1.435,19.978,0.7662,-0.1039,continue,100,default,100,opacity_and_size,reset_if_plateau,continue,1.0,0.005,1.0,1.0,1.0,1.0,1.0
baseline,188,18800,229.909,1434497,0,0,1.4239,19.969,0.7657,-0.0707,continue,100,default,100,opacity_and_size,reset_if_plateau,continue,1.0,0.005,1.0,1.0,1.0,1.0,1.0
baseline,189,18900,231.335,1434497,0,0,1.4262,19.967,0.768,-0.0707,continue,100,default,100,opacity_and_size,reset_if_plateau,continue,1.0,0.005,1.0,1.0,1.0,1.0,1.0
baseline,190,19000,232.797,1434497,0,0,1.4619,20.06,0.766,-0.0805,continue,100,default,100,opacity_and_size,reset_if_plateau,continue,1.0,0.005,1.0,1.0,1.0,1.0,1.0
baseline,191,19100,234.218,1434497,0,0,1.4211,20.168,0.7673,-0.07,continue,100,default,100,opacity_and_size,reset_if_plateau,continue,1.0,0.005,1.0,1.0,1.0,1.0,1.0
baseline,192,19200,235.632,1434497,0,0,1.4139,20.119,0.7693,-0.0704,continue,100,default,100,opacity_and_size,reset_if_plateau,continue,1.0,0.005,1.0,1.0,1.0,1.0,1.0
baseline,193,19300,237.064,1434497,0,0,1.4318,20.034,0.7672,-0.0921,continue,100,default,100,opacity_and_size,reset_if_plateau,continue,1.0,0.005,1.0,1.0,1.0,1.0,1.0
baseline,194,19400,238.515,1434497,0,0,1.4511,20.166,0.7692,-0.0714,continue,100,default,100,opacity_and_size,reset_if_plateau,continue,1.0,0.005,1.0,1.0,1.0,1.0,1.0
baseline,195,19500,239.93,1434497,0,0,1.4148,20.029,0.7677,-0.1046,continue,100,default,100,opacity_and_size,reset_if_plateau,continue,1.0,0.005,1.0,1.0,1.0,1.0,1.0
baseline,196,19600,241.345,1434497,0,0,1.4149,19.957,0.7673,-0.0703,continue,100,default,100,opacity_and_size,reset_if_plateau,continue,1.0,0.005,1.0,1.0,1.0,1.0,1.0
baseline,197,19700,242.75,1434497,0,0,1.4055,19.851,0.767,-0.0864,continue,100,default,100,opacity_and_size,reset_if_plateau,continue,1.0,0.005,1.0,1.0,1.0,1.0,1.0
baseline,198,19800,244.177,1434497,0,0,1.4269,19.992,0.7692,-0.0687,continue,100,default,100,opacity_and_size,reset_if_plateau,continue,1.0,0.005,1.0,1.0,1.0,1.0,1.0
baseline,199,19900,245.636,1434497,0,0,1.4588,19.824,0.7662,-0.1462,continue,100,default,100,opacity_and_size,reset_if_plateau,continue,1.0,0.005,1.0,1.0,1.0,1.0,1.0
baseline,200,20000,247.075,1434497,0,0,1.439,20.075,0.7694,-0.071,continue,100,default,100,opacity_and_size,reset_if_plateau,continue,1.0,0.005,1.0,1.0,1.0,1.0,1.0
baseline,201,20100,248.481,1434497,0,0,1.4065,20.003,0.7682,-0.0706,continue,100,default,100,opacity_and_size,reset_if_plateau,continue,1.0,0.005,1.0,1.0,1.0,1.0,1.0
baseline,202,20200,249.931,1434497,0,0,1.4498,20.122,0.771,-0.0725,continue,100,default,100,opacity_and_size,reset_if_plateau,continue,1.0,0.005,1.0,1.0,1.0,1.0,1.0
baseline,203,20300,251.349,1434497,0,0,1.4173,20.074,0.769,-0.0704,continue,100,default,100,opacity_and_size,reset_if_plateau,continue,1.0,0.005,1.0,1.0,1.0,1.0,1.0
baseline,204,20400,252.767,1434497,0,0,1.4189,20.116,0.7705,-0.0703,continue,100,default,100,opacity_and_size,reset_if_plateau,continue,1.0,0.005,1.0,1.0,1.0,1.0,1.0
baseline,205,20500,254.212,1434497,0,0,1.4446,20.184,0.7704,-0.0778,continue,100,default,100,opacity_and_size,reset_if_plateau,continue,1.0,0.005,1.0,1.0,1.0,1.0,1.0
baseline,206,20600,255.626,1434497,0,0,1.4141,20.065,0.7683,-0.0941,continue,100,default,100,opacity_and_size,reset_if_plateau,continue,1.0,0.005,1.0,1.0,1.0,1.0,1.0
baseline,207,20700,257.067,1434497,0,0,1.4409,20.065,0.7665,-0.0815,continue,100,default,100,opacity_and_size,reset_if_plateau,continue,1.0,0.005,1.0,1.0,1.0,1.0,1.0
baseline,208,20800,258.475,1434497,0,0,1.4075,20.198,0.7714,-0.0689,continue,100,default,100,opacity_and_size,reset_if_plateau,continue,1.0,0.005,1.0,1.0,1.0,1.0,1.0
baseline,209,20900,259.915,1434497,0,0,1.4404,20.34,0.7737,-0.0716,continue,100,default,100,opacity_and_size,reset_if_plateau,continue,1.0,0.005,1.0,1.0,1.0,1.0,1.0
baseline,210,21000,261.347,1434497,0,0,1.432,20.125,0.7688,-0.1099,continue,100,default,100,opacity_and_size,reset_if_plateau,continue,1.0,0.005,1.0,1.0,1.0,1.0,1.0
baseline,211,21100,262.753,1434497,0,0,1.4066,20.123,0.7704,-0.0701,continue,100,default,100,opacity_and_size,reset_if_plateau,continue,1.0,0.005,1.0,1.0,1.0,1.0,1.0
baseline,212,21200,264.16,1434497,0,0,1.407,20.134,0.7709,-0.0702,continue,100,default,100,opacity_and_size,reset_if_plateau,continue,1.0,0.005,1.0,1.0,1.0,1.0,1.0
baseline,213,21300,265.582,1434497,0,0,1.422,20.251,0.7733,-0.0705,continue,100,default,100,opacity_and_size,reset_if_plateau,continue,1.0,0.005,1.0,1.0,1.0,1.0,1.0
baseline,214,21400,267.002,1434497,0,0,1.4194,20.182,0.7724,-0.0962,continue,100,default,100,opacity_and_size,reset_if_plateau,continue,1.0,0.005,1.0,1.0,1.0,1.0,1.0
baseline,215,21500,268.425,1434497,0,0,1.4228,20.084,0.7721,-0.0755,continue,100,default,100,opacity_and_size,reset_if_plateau,continue,1.0,0.005,1.0,1.0,1.0,1.0,1.0
baseline,216,21600,269.836,1434497,0,0,1.4116,20.108,0.7697,-0.0705,continue,100,default,100,opacity_and_size,reset_if_plateau,continue,1.0,0.005,1.0,1.0,1.0,1.0,1.0
baseline,217,21700,271.265,1434497,0,0,1.4284,20.254,0.7744,-0.0711,continue,100,default,100,opacity_and_size,reset_if_plateau,continue,1.0,0.005,1.0,1.0,1.0,1.0,1.0
baseline,218,21800,272.695,1434497,0,0,1.4301,20.026,0.7687,-0.0997,continue,100,default,100,opacity_and_size,reset_if_plateau,continue,1.0,0.005,1.0,1.0,1.0,1.0,1.0
baseline,219,21900,274.092,1434497,0,0,1.3969,20.158,0.7708,-0.0697,continue,100,default,100,opacity_and_size,reset_if_plateau,continue,1.0,0.005,1.0,1.0,1.0,1.0,1.0
baseline,220,22000,275.517,1434497,0,0,1.4258,20.061,0.7689,-0.0915,continue,100,default,100,opacity_and_size,reset_if_plateau,continue,1.0,0.005,1.0,1.0,1.0,1.0,1.0
baseline,221,22100,276.926,1434497,0,0,1.4086,20.081,0.7706,-0.0699,continue,100,default,100,opacity_and_size,reset_if_plateau,continue,1.0,0.005,1.0,1.0,1.0,1.0,1.0
baseline,222,22200,278.338,1434497,0,0,1.4116,20.067,0.7699,-0.0808,continue,100,default,100,opacity_and_size,reset_if_plateau,continue,1.0,0.005,1.0,1.0,1.0,1.0,1.0
baseline,223,22300,279.757,1434497,0,0,1.4191,20.258,0.7743,-0.0706,continue,100,default,100,opacity_and_size,reset_if_plateau,continue,1.0,0.005,1.0,1.0,1.0,1.0,1.0
baseline,224,22400,281.164,1434497,0,0,1.4072,20.213,0.7702,-0.0877,continue,100,default,100,opacity_and_size,reset_if_plateau,continue,1.0,0.005,1.0,1.0,1.0,1.0,1.0
baseline,225,22500,282.594,1434497,0,0,1.4298,20.178,0.772,-0.0714,continue,100,default,100,opacity_and_size,reset_if_plateau,continue,1.0,0.005,1.0,1.0,1.0,1.0,1.0
baseline,226,22600,284.018,1434497,0,0,1.4239,20.123,0.7727,-0.071,continue,100,default,100,opacity_and_size,reset_if_plateau,continue,1.0,0.005,1.0,1.0,1.0,1.0,1.0
baseline,227,22700,285.436,1434497,0,0,1.4186,20.224,0.7721,-0.0706,continue,100,default,100,opacity_and_size,reset_if_plateau,continue,1.0,0.005,1.0,1.0,1.0,1.0,1.0
baseline,228,22800,286.852,1434497,0,0,1.4162,20.23,0.7712,-0.0979,continue,100,default,100,opacity_and_size,reset_if_plateau,continue,1.0,0.005,1.0,1.0,1.0,1.0,1.0
baseline,229,22900,288.26,1434497,0,0,1.4077,20.189,0.7723,-0.0702,continue,100,default,100,opacity_and_size,reset_if_plateau,continue,1.0,0.005,1.0,1.0,1.0,1.0,1.0
baseline,230,23000,289.671,1434497,0,0,1.411,20.226,0.7744,-0.0705,continue,100,default,100,opacity_and_size,reset_if_plateau,continue,1.0,0.005,1.0,1.0,1.0,1.0,1.0
baseline,231,23100,291.092,1434497,0,0,1.4212,20.142,0.7727,-0.0913,continue,100,default,100,opacity_and_size,reset_if_plateau,continue,1.0,0.005,1.0,1.0,1.0,1.0,1.0
baseline,232,23200,292.51,1434497,0,0,1.4178,19.958,0.7704,-0.077,continue,100,default,100,opacity_and_size,reset_if_plateau,continue,1.0,0.005,1.0,1.0,1.0,1.0,1.0
baseline,233,23300,293.924,1434497,0,0,1.4136,20.261,0.7731,-0.07,continue,100,default,100,opacity_and_size,reset_if_plateau,continue,1.0,0.005,1.0,1.0,1.0,1.0,1.0
baseline,234,23400,295.33,1434497,0,0,1.4059,20.313,0.7747,-0.0772,continue,100,default,100,opacity_and_size,reset_if_plateau,continue,1.0,0.005,1.0,1.0,1.0,1.0,1.0
baseline,235,23500,296.725,1434497,0,0,1.3956,20.202,0.7731,-0.0889,continue,100,default,100,opacity_and_size,reset_if_plateau,continue,1.0,0.005,1.0,1.0,1.0,1.0,1.0
baseline,236,23600,298.15,1434497,0,0,1.4251,20.268,0.7733,-0.0712,continue,100,default,100,opacity_and_size,reset_if_plateau,continue,1.0,0.005,1.0,1.0,1.0,1.0,1.0
baseline,237,23700,299.554,1434497,0,0,1.4036,20.229,0.7711,-0.078,continue,100,default,100,opacity_and_size,reset_if_plateau,continue,1.0,0.005,1.0,1.0,1.0,1.0,1.0
baseline,238,23800,300.987,1434497,0,0,1.433,20.21,0.7724,-0.0714,continue,100,default,100,opacity_and_size,reset_if_plateau,continue,1.0,0.005,1.0,1.0,1.0,1.0,1.0
baseline,239,23900,302.385,1434497,0,0,1.3984,20.124,0.7714,-0.0758,continue,100,default,100,opacity_and_size,reset_if_plateau,continue,1.0,0.005,1.0,1.0,1.0,1.0,1.0
baseline,240,24000,303.782,1434497,0,0,1.3964,20.346,0.7746,-0.0698,continue,100,default,100,opacity_and_size,reset_if_plateau,continue,1.0,0.005,1.0,1.0,1.0,1.0,1.0
baseline,241,24100,305.216,1434497,0,0,1.4339,20.3,0.7763,-0.0716,continue,100,default,100,opacity_and_size,reset_if_plateau,continue,1.0,0.005,1.0,1.0,1.0,1.0,1.0
baseline,242,24200,306.624,1434497,0,0,1.4081,20.284,0.7752,-0.0704,continue,100,default,100,opacity_and_size,reset_if_plateau,continue,1.0,0.005,1.0,1.0,1.0,1.0,1.0
baseline,243,24300,308.014,1434497,0,0,1.3906,20.15,0.7736,-0.0915,continue,100,default,100,opacity_and_size,reset_if_plateau,continue,1.0,0.005,1.0,1.0,1.0,1.0,1.0
baseline,244,24400,309.447,1434497,0,0,1.4328,20.187,0.7721,-0.0813,continue,100,default,100,opacity_and_size,reset_if_plateau,continue,1.0,0.005,1.0,1.0,1.0,1.0,1.0
baseline,245,24500,310.875,1434497,0,0,1.4282,20.188,0.7735,-0.0714,continue,100,default,100,opacity_and_size,reset_if_plateau,continue,1.0,0.005,1.0,1.0,1.0,1.0,1.0
baseline,246,24600,312.286,1434497,0,0,1.4106,20.101,0.7733,-0.0731,continue,100,default,100,opacity_and_size,reset_if_plateau,continue,1.0,0.005,1.0,1.0,1.0,1.0,1.0
baseline,247,24700,313.724,1434497,0,0,1.4383,20.177,0.7734,-0.072,continue,100,default,100,opacity_and_size,reset_if_plateau,continue,1.0,0.005,1.0,1.0,1.0,1.0,1.0
baseline,248,24800,315.13,1434497,0,0,1.4054,20.297,0.7738,-0.0702,continue,100,default,100,opacity_and_size,reset_if_plateau,continue,1.0,0.005,1.0,1.0,1.0,1.0,1.0
baseline,249,24900,316.543,1434497,0,0,1.4137,20.096,0.7722,-0.0794,continue,100,default,100,opacity_and_size,reset_if_plateau,continue,1.0,0.005,1.0,1.0,1.0,1.0,1.0
baseline,250,25000,317.953,1434497,0,0,1.4097,20.271,0.7762,-0.0702,continue,100,default,100,opacity_and_size,reset_if_plateau,continue,1.0,0.005,1.0,1.0,1.0,1.0,1.0
baseline,251,25100,319.35,1434497,0,0,1.3972,20.293,0.7737,-0.073,continue,100,default,100,opacity_and_size,reset_if_plateau,continue,1.0,0.005,1.0,1.0,1.0,1.0,1.0
baseline,252,25200,320.785,1434497,0,0,1.4348,20.415,0.7754,-0.0716,continue,100,default,100,opacity_and_size,reset_if_plateau,continue,1.0,0.005,1.0,1.0,1.0,1.0,1.0
baseline,253,25300,322.208,1434497,0,0,1.4227,20.233,0.7726,-0.1073,continue,100,default,100,opacity_and_size,reset_if_plateau,continue,1.0,0.005,1.0,1.0,1.0,1.0,1.0
baseline,254,25400,323.633,1434497,0,0,1.4249,20.284,0.7732,-0.0712,continue,100,default,100,opacity_and_size,reset_if_plateau,continue,1.0,0.005,1.0,1.0,1.0,1.0,1.0
baseline,255,25500,325.057,1434497,0,0,1.4245,20.172,0.7744,-0.0761,continue,100,default,100,opacity_and_size,reset_if_plateau,continue,1.0,0.005,1.0,1.0,1.0,1.0,1.0
baseline,256,25600,326.468,1434497,0,0,1.4107,20.164,0.7728,-0.0705,continue,100,default,100,opacity_and_size,reset_if_plateau,continue,1.0,0.005,1.0,1.0,1.0,1.0,1.0
baseline,257,25700,327.862,1434497,0,0,1.3937,20.441,0.7764,-0.0695,continue,100,default,100,opacity_and_size,reset_if_plateau,continue,1.0,0.005,1.0,1.0,1.0,1.0,1.0
baseline,258,25800,329.262,1434497,0,0,1.4003,20.255,0.7744,-0.0832,continue,100,default,100,opacity_and_size,reset_if_plateau,continue,1.0,0.005,1.0,1.0,1.0,1.0,1.0
baseline,259,25900,330.674,1434497,0,0,1.4121,20.351,0.7766,-0.0703,continue,100,default,100,opacity_and_size,reset_if_plateau,continue,1.0,0.005,1.0,1.0,1.0,1.0,1.0
baseline,260,26000,332.106,1434497,0,0,1.4319,20.385,0.7755,-0.0999,continue,100,default,100,opacity_and_size,reset_if_plateau,continue,1.0,0.005,1.0,1.0,1.0,1.0,1.0
baseline,261,26100,333.537,1434497,0,0,1.4316,20.329,0.7737,-0.0884,continue,100,default,100,opacity_and_size,reset_if_plateau,continue,1.0,0.005,1.0,1.0,1.0,1.0,1.0
baseline,262,26200,334.949,1434497,0,0,1.4113,20.419,0.7769,-0.0703,continue,100,default,100,opacity_and_size,reset_if_plateau,continue,1.0,0.005,1.0,1.0,1.0,1.0,1.0
baseline,263,26300,336.374,1434497,0,0,1.425,20.283,0.7741,-0.1187,continue,100,default,100,opacity_and_size,reset_if_plateau,continue,1.0,0.005,1.0,1.0,1.0,1.0,1.0
baseline,264,26400,337.742,1434497,0,0,1.3683,20.358,0.7759,-0.0682,continue,100,default,100,opacity_and_size,reset_if_plateau,continue,1.0,0.005,1.0,1.0,1.0,1.0,1.0
baseline,265,26500,339.167,1434497,0,0,1.4253,20.133,0.773,-0.1238,continue,100,default,100,opacity_and_size,reset_if_plateau,continue,1.0,0.005,1.0,1.0,1.0,1.0,1.0
baseline,266,26600,340.589,1434497,0,0,1.4221,20.233,0.7742,-0.0711,continue,100,default,100,opacity_and_size,reset_if_plateau,continue,1.0,0.005,1.0,1.0,1.0,1.0,1.0
baseline,267,26700,342.008,1434497,0,0,1.4188,20.318,0.7744,-0.0709,continue,100,default,100,opacity_and_size,reset_if_plateau,continue,1.0,0.005,1.0,1.0,1.0,1.0,1.0
baseline,268,26800,343.449,1434497,0,0,1.4408,20.311,0.7755,-0.072,continue,100,default,100,opacity_and_size,reset_if_plateau,continue,1.0,0.005,1.0,1.0,1.0,1.0,1.0
baseline,269,26900,344.862,1434497,0,0,1.4126,20.365,0.7746,-0.0705,continue,100,default,100,opacity_and_size,reset_if_plateau,continue,1.0,0.005,1.0,1.0,1.0,1.0,1.0
baseline,270,27000,346.275,1434497,0,0,1.4133,20.401,0.7784,-0.0706,continue,100,default,100,opacity_and_size,reset_if_plateau,continue,1.0,0.005,1.0,1.0,1.0,1.0,1.0
baseline,271,27100,347.668,1434497,0,0,1.3932,20.405,0.776,-0.0898,continue,100,default,100,opacity_and_size,reset_if_plateau,continue,1.0,0.005,1.0,1.0,1.0,1.0,1.0
baseline,272,27200,349.079,1434497,0,0,1.4105,20.405,0.7762,-0.0704,continue,100,default,100,opacity_and_size,reset_if_plateau,continue,1.0,0.005,1.0,1.0,1.0,1.0,1.0
baseline,273,27300,350.469,1434497,0,0,1.3899,20.452,0.7759,-0.0935,continue,100,default,100,opacity_and_size,reset_if_plateau,continue,1.0,0.005,1.0,1.0,1.0,1.0,1.0
baseline,274,27400,351.89,1434497,0,0,1.422,20.341,0.7749,-0.0878,continue,100,default,100,opacity_and_size,reset_if_plateau,continue,1.0,0.005,1.0,1.0,1.0,1.0,1.0
baseline,275,27500,353.305,1434497,0,0,1.4149,20.181,0.776,-0.0871,continue,100,default,100,opacity_and_size,reset_if_plateau,continue,1.0,0.005,1.0,1.0,1.0,1.0,1.0
baseline,276,27600,354.75,1434497,0,0,1.445,20.296,0.7743,-0.0722,continue,100,default,100,opacity_and_size,reset_if_plateau,continue,1.0,0.005,1.0,1.0,1.0,1.0,1.0
baseline,277,27700,356.132,1434497,0,0,1.3815,20.355,0.7754,-0.0769,continue,100,default,100,opacity_and_size,reset_if_plateau,continue,1.0,0.005,1.0,1.0,1.0,1.0,1.0
baseline,278,27800,357.537,1434497,0,0,1.4048,20.348,0.7742,-0.0702,continue,100,default,100,opacity_and_size,reset_if_plateau,continue,1.0,0.005,1.0,1.0,1.0,1.0,1.0
baseline,279,27900,358.955,1434497,0,0,1.4183,20.374,0.7727,-0.0854,continue,100,default,100,opacity_and_size,reset_if_plateau,continue,1.0,0.005,1.0,1.0,1.0,1.0,1.0
baseline,280,28000,360.347,1434497,0,0,1.3919,20.352,0.7766,-0.0695,continue,100,default,100,opacity_and_size,reset_if_plateau,continue,1.0,0.005,1.0,1.0,1.0,1.0,1.0
baseline,281,28100,361.782,1434497,0,0,1.4348,20.234,0.7742,-0.0817,continue,100,default,100,opacity_and_size,reset_if_plateau,continue,1.0,0.005,1.0,1.0,1.0,1.0,1.0
baseline,282,28200,363.206,1434497,0,0,1.4242,20.461,0.7758,-0.0712,continue,100,default,100,opacity_and_size,reset_if_plateau,continue,1.0,0.005,1.0,1.0,1.0,1.0,1.0
baseline,283,28300,364.625,1434497,0,0,1.4187,20.453,0.7777,-0.0709,continue,100,default,100,opacity_and_size,reset_if_plateau,continue,1.0,0.005,1.0,1.0,1.0,1.0,1.0
baseline,284,28400,366.029,1434497,0,0,1.4043,20.383,0.7772,-0.0701,continue,100,default,100,opacity_and_size,reset_if_plateau,continue,1.0,0.005,1.0,1.0,1.0,1.0,1.0
baseline,285,28500,367.431,1434497,0,0,1.4018,20.263,0.7754,-0.106,continue,100,default,100,opacity_and_size,reset_if_plateau,continue,1.0,0.005,1.0,1.0,1.0,1.0,1.0
baseline,286,28600,368.839,1434497,0,0,1.4083,20.419,0.7759,-0.0704,continue,100,default,100,opacity_and_size,reset_if_plateau,continue,1.0,0.005,1.0,1.0,1.0,1.0,1.0
baseline,287,28700,370.217,1434497,0,0,1.3782,20.261,0.7772,-0.0689,continue,100,default,100,opacity_and_size,reset_if_plateau,continue,1.0,0.005,1.0,1.0,1.0,1.0,1.0
baseline,288,28800,371.646,1434497,0,0,1.4289,20.373,0.7776,-0.0836,continue,100,default,100,opacity_and_size,reset_if_plateau,continue,1.0,0.005,1.0,1.0,1.0,1.0,1.0
baseline,289,28900,373.079,1434497,0,0,1.4326,20.303,0.7757,-0.0788,continue,100,default,100,opacity_and_size,reset_if_plateau,continue,1.0,0.005,1.0,1.0,1.0,1.0,1.0
baseline,290,29000,374.505,1434497,0,0,1.4265,20.227,0.7747,-0.0938,continue,100,default,100,opacity_and_size,reset_if_plateau,continue,1.0,0.005,1.0,1.0,1.0,1.0,1.0
baseline,291,29100,375.914,1434497,0,0,1.4089,20.399,0.7762,-0.0704,continue,100,default,100,opacity_and_size,reset_if_plateau,continue,1.0,0.005,1.0,1.0,1.0,1.0,1.0
baseline,292,29200,377.326,1434497,0,0,1.4119,20.243,0.7748,-0.1133,continue,100,default,100,opacity_and_size,reset_if_plateau,continue,1.0,0.005,1.0,1.0,1.0,1.0,1.0
baseline,293,29300,378.702,1434497,0,0,1.3755,20.277,0.7731,-0.0709,continue,100,default,100,opacity_and_size,reset_if_plateau,continue,1.0,0.005,1.0,1.0,1.0,1.0,1.0
baseline,294,29400,380.083,1434497,0,0,1.3817,20.253,0.7756,-0.069,continue,100,default,100,opacity_and_size,reset_if_plateau,continue,1.0,0.005,1.0,1.0,1.0,1.0,1.0
baseline,295,29500,381.504,1434497,0,0,1.4202,20.425,0.7759,-0.071,continue,100,default,100,opacity_and_size,reset_if_plateau,continue,1.0,0.005,1.0,1.0,1.0,1.0,1.0
baseline,296,29600,382.937,1434497,0,0,1.4339,20.427,0.7778,-0.0721,continue,100,default,100,opacity_and_size,reset_if_plateau,continue,1.0,0.005,1.0,1.0,1.0,1.0,1.0
baseline,297,29700,384.341,1434497,0,0,1.4035,20.314,0.7758,-0.0866,continue,100,default,100,opacity_and_size,reset_if_plateau,continue,1.0,0.005,1.0,1.0,1.0,1.0,1.0
baseline,298,29800,385.776,1434497,0,0,1.4354,20.303,0.7769,-0.0718,continue,100,default,100,opacity_and_size,reset_if_plateau,continue,1.0,0.005,1.0,1.0,1.0,1.0,1.0
baseline,299,29900,387.188,1434497,0,0,1.4116,20.422,0.7765,-0.0706,continue,100,default,100,opacity_and_size,reset_if_plateau,continue,1.0,0.005,1.0,1.0,1.0,1.0,1.0
baseline,300,30000,388.575,1434497,0,0,1.387,20.478,0.7778,-0.0691,continue,100,default,100,opacity_and_size,reset_if_plateau,continue,1.0,0.005,1.0,1.0,1.0,1.0,1.0
