block,iter,t,gaussians,added,pruned,reward,block_steps,densify_mode,densification_interval,prune_mode,opacity_reset,densify_threshold_mult,prune_opacity_threshold,position_lr_mult,feature_lr_mult,opacity_lr_mult,scaling_lr_mult,rotation_lr_mult
1,100,1.585,182686,0,0,0.7745,100,default,100,opacity_and_size,reset_if_plateau,1.0,0.005,1.0,1.0,1.0,1.0,1.0
2,200,3.091,182686,0,0,0.2431,100,default,100,opacity_and_size,reset_if_plateau,1.0,0.005,1.0,1.0,1.0,1.0,1.0
3,300,4.595,182686,0,0,-0.0031,100,default,100,opacity_and_size,reset_if_plateau,1.0,0.005,1.0,1.0,1.0,1.0,1.0
4,400,6.17,182686,0,0,-0.038,100,default,100,opacity_and_size,reset_if_plateau,1.0,0.005,1.0,1.0,1.0,1.0,1.0
5,500,7.757,182686,0,0,0.1396,100,default,100,opacity_and_size,reset_if_plateau,1.0,0.005,1.0,1.0,1.0,1.0,1.0
6,600,9.377,182700,14,0,-1.5151,100,default,100,opacity_and_size,reset_if_plateau,1.0,0.005,1.0,1.0,1.0,1.0,1.0
7,700,10.812,170230,143,12613,2.0587,100,default,100,opacity_and_size,reset_if_plateau,1.0,0.005,1.0,1.0,1.0,1.0,1.0
8,800,12.279,168891,1161,2500,1.2633,100,default,100,opacity_and_size,reset_if_plateau,1.0,0.005,1.0,1.0,1.0,1.0,1.0
9,900,13.7,170021,2411,1281,-0.125,100,default,100,opacity_and_size,reset_if_plateau,1.0,0.005,1.0,1.0,1.0,1.0,1.0
10,1000,15.247,157590,639,13070,0.2273,100,default,100,opacity_and_size,reset_if_plateau,1.0,0.005,1.0,1.0,1.0,1.0,1.0
11,1100,16.818,159200,2831,1221,0.7738,100,default,100,opacity_and_size,reset_if_plateau,1.0,0.005,1.0,1.0,1.0,1.0,1.0
12,1200,18.345,163833,5370,737,-0.3641,100,default,100,opacity_and_size,reset_if_plateau,1.0,0.005,1.0,1.0,1.0,1.0,1.0
13,1300,19.834,157225,1372,7980,0.3843,100,default,100,opacity_and_size,reset_if_plateau,1.0,0.005,1.0,1.0,1.0,1.0,1.0
14,1400,21.312,161185,4715,755,0.0401,100,default,100,opacity_and_size,reset_if_plateau,1.0,0.005,1.0,1.0,1.0,1.0,1.0
15,1500,22.735,167934,7207,458,0.0707,100,default,100,opacity_and_size,reset_if_plateau,1.0,0.005,1.0,1.0,1.0,1.0,1.0
16,1600,24.275,176132,8520,322,0.0768,100,default,100,opacity_and_size,reset_if_plateau,1.0,0.005,1.0,1.0,1.0,1.0,1.0
17,1700,25.852,186110,10277,299,-0.0081,100,default,100,opacity_and_size,reset_if_plateau,1.0,0.005,1.0,1.0,1.0,1.0,1.0
18,1800,27.378,196479,10630,261,0.3325,100,default,100,opacity_and_size,reset_if_plateau,1.0,0.005,1.0,1.0,1.0,1.0,1.0
19,1900,28.908,207314,11106,271,-0.0661,100,default,100,opacity_and_size,reset_if_plateau,1.0,0.005,1.0,1.0,1.0,1.0,1.0
20,2000,30.375,197169,2052,12197,-0.4514,100,default,100,opacity_and_size,reset_if_plateau,1.0,0.005,1.0,1.0,1.0,1.0,1.0
21,2100,31.884,203894,7592,867,0.0725,100,default,100,opacity_and_size,reset_if_plateau,1.0,0.005,1.0,1.0,1.0,1.0,1.0
22,2200,33.462,212875,9540,559,0.1413,100,default,100,opacity_and_size,reset_if_plateau,1.0,0.005,1.0,1.0,1.0,1.0,1.0
23,2300,35.107,223534,11065,406,-0.0433,100,default,100,opacity_and_size,reset_if_plateau,1.0,0.005,1.0,1.0,1.0,1.0,1.0
24,2400,36.743,235515,12346,365,0.401,100,default,100,opacity_and_size,reset_if_plateau,1.0,0.005,1.0,1.0,1.0,1.0,1.0
25,2500,38.333,247710,12507,312,-0.2925,100,default,100,opacity_and_size,reset_if_plateau,1.0,0.005,1.0,1.0,1.0,1.0,1.0
26,2600,39.86,226218,1730,23222,-0.8683,100,default,100,opacity_and_size,reset_if_plateau,1.0,0.005,1.0,1.0,1.0,1.0,1.0
27,2700,41.427,231614,6514,1118,0.4261,100,default,100,opacity_and_size,reset_if_plateau,1.0,0.005,1.0,1.0,1.0,1.0,1.0
28,2800,42.987,240842,9863,635,0.0965,100,default,100,opacity_and_size,reset_if_plateau,1.0,0.005,1.0,1.0,1.0,1.0,1.0
29,2900,44.703,251560,11103,385,-0.2035,100,default,100,opacity_and_size,reset_if_plateau,1.0,0.005,1.0,1.0,1.0,1.0,1.0
30,3000,46.362,264006,12791,345,0.3014,100,default,100,opacity_and_size,reset_if_plateau,1.0,0.005,1.0,1.0,1.0,1.0,1.0
31,3100,48.057,268089,11495,7412,-1.6731,100,default,100,opacity_and_size,reset_if_plateau,1.0,0.005,1.0,1.0,1.0,1.0,1.0
32,3200,49.613,282732,15263,620,0.6006,100,default,100,opacity_and_size,reset_if_plateau,1.0,0.005,1.0,1.0,1.0,1.0,1.0
33,3300,51.171,294188,11907,451,-0.1265,100,default,100,opacity_and_size,reset_if_plateau,1.0,0.005,1.0,1.0,1.0,1.0,1.0
34,3400,52.755,305002,11212,398,0.1192,100,default,100,opacity_and_size,reset_if_plateau,1.0,0.005,1.0,1.0,1.0,1.0,1.0
35,3500,54.437,317425,12808,385,-0.0707,100,default,100,opacity_and_size,reset_if_plateau,1.0,0.005,1.0,1.0,1.0,1.0,1.0
36,3600,56.127,329317,12253,361,-0.1654,100,default,100,opacity_and_size,reset_if_plateau,1.0,0.005,1.0,1.0,1.0,1.0,1.0
37,3700,57.781,339822,10810,305,0.0343,100,default,100,opacity_and_size,reset_if_plateau,1.0,0.005,1.0,1.0,1.0,1.0,1.0
38,3800,59.444,352248,12744,318,0.0507,100,default,100,opacity_and_size,reset_if_plateau,1.0,0.005,1.0,1.0,1.0,1.0,1.0
39,3900,61.071,362104,10176,320,-0.1929,100,default,100,opacity_and_size,reset_if_plateau,1.0,0.005,1.0,1.0,1.0,1.0,1.0
40,4000,62.782,374016,12192,280,-0.0474,100,default,100,opacity_and_size,reset_if_plateau,1.0,0.005,1.0,1.0,1.0,1.0,1.0
41,4100,64.544,387054,13352,314,-0.0677,100,default,100,opacity_and_size,reset_if_plateau,1.0,0.005,1.0,1.0,1.0,1.0,1.0
42,4200,66.317,396940,10225,339,-0.0972,100,default,100,opacity_and_size,reset_if_plateau,1.0,0.005,1.0,1.0,1.0,1.0,1.0
43,4300,68.043,407569,10898,269,-0.0001,100,default,100,opacity_and_size,reset_if_plateau,1.0,0.005,1.0,1.0,1.0,1.0,1.0
44,4400,69.771,415739,8484,314,0.0068,100,default,100,opacity_and_size,reset_if_plateau,1.0,0.005,1.0,1.0,1.0,1.0,1.0
45,4500,71.516,426087,10633,285,-0.2098,100,default,100,opacity_and_size,reset_if_plateau,1.0,0.005,1.0,1.0,1.0,1.0,1.0
46,4600,73.411,434441,8708,354,-0.0614,100,default,100,opacity_and_size,reset_if_plateau,1.0,0.005,1.0,1.0,1.0,1.0,1.0
47,4700,75.289,444057,9883,267,-0.1237,100,default,100,opacity_and_size,reset_if_plateau,1.0,0.005,1.0,1.0,1.0,1.0,1.0
48,4800,77.239,452549,8796,304,-0.0394,100,default,100,opacity_and_size,reset_if_plateau,1.0,0.005,1.0,1.0,1.0,1.0,1.0
49,4900,79.063,461243,8972,278,-0.1238,100,default,100,opacity_and_size,reset_if_plateau,1.0,0.005,1.0,1.0,1.0,1.0,1.0
50,5000,80.9,469518,8558,283,-0.1133,100,default,100,opacity_and_size,reset_if_plateau,1.0,0.005,1.0,1.0,1.0,1.0,1.0
51,5100,82.75,476140,6940,318,-0.0625,100,default,100,opacity_and_size,reset_if_plateau,1.0,0.005,1.0,1.0,1.0,1.0,1.0
52,5200,84.651,482726,6871,285,-0.116,100,default,100,opacity_and_size,reset_if_plateau,1.0,0.005,1.0,1.0,1.0,1.0,1.0
53,5300,86.56,491586,9191,331,-0.1072,100,default,100,opacity_and_size,reset_if_plateau,1.0,0.005,1.0,1.0,1.0,1.0,1.0
54,5400,88.465,498669,7379,296,-0.102,100,default,100,opacity_and_size,reset_if_plateau,1.0,0.005,1.0,1.0,1.0,1.0,1.0
55,5500,90.349,504995,6621,295,-0.0444,100,default,100,opacity_and_size,reset_if_plateau,1.0,0.005,1.0,1.0,1.0,1.0,1.0
56,5600,92.188,511159,6450,286,-0.1242,100,default,100,opacity_and_size,reset_if_plateau,1.0,0.005,1.0,1.0,1.0,1.0,1.0
57,5700,94.153,516265,5398,292,-0.0655,100,default,100,opacity_and_size,reset_if_plateau,1.0,0.005,1.0,1.0,1.0,1.0,1.0
58,5800,96.091,523672,7703,296,-0.1175,100,default,100,opacity_and_size,reset_if_plateau,1.0,0.005,1.0,1.0,1.0,1.0,1.0
59,5900,98.065,529528,6172,316,-0.0467,100,default,100,opacity_and_size,reset_if_plateau,1.0,0.005,1.0,1.0,1.0,1.0,1.0
60,6000,99.98,535222,6017,323,-0.1533,100,default,100,opacity_and_size,reset_if_plateau,1.0,0.005,1.0,1.0,1.0,1.0,1.0
61,6100,101.848,541691,6806,337,-0.0718,100,default,100,opacity_and_size,reset_if_plateau,1.0,0.005,1.0,1.0,1.0,1.0,1.0
62,6200,103.743,546886,5526,331,-0.1254,100,default,100,opacity_and_size,reset_if_plateau,1.0,0.005,1.0,1.0,1.0,1.0,1.0
63,6300,105.733,553240,6642,288,-0.1463,100,default,100,opacity_and_size,reset_if_plateau,1.0,0.005,1.0,1.0,1.0,1.0,1.0
64,6400,107.745,558930,6019,329,-0.0396,100,default,100,opacity_and_size,reset_if_plateau,1.0,0.005,1.0,1.0,1.0,1.0,1.0
65,6500,109.71,563083,4454,301,-0.1468,100,default,100,opacity_and_size,reset_if_plateau,1.0,0.005,1.0,1.0,1.0,1.0,1.0
66,6600,111.645,567120,4392,355,-0.0893,100,default,100,opacity_and_size,reset_if_plateau,1.0,0.005,1.0,1.0,1.0,1.0,1.0
67,6700,113.547,573201,6394,313,-0.0961,100,default,100,opacity_and_size,reset_if_plateau,1.0,0.005,1.0,1.0,1.0,1.0,1.0
68,6800,115.525,577485,4605,321,-0.1226,100,default,100,opacity_and_size,reset_if_plateau,1.0,0.005,1.0,1.0,1.0,1.0,1.0
69,6900,117.524,581355,4223,353,-0.0833,100,default,100,opacity_and_size,reset_if_plateau,1.0,0.005,1.0,1.0,1.0,1.0,1.0
70,7000,119.466,585260,4239,334,-0.042,100,default,100,opacity_and_size,reset_if_plateau,1.0,0.005,1.0,1.0,1.0,1.0,1.0
